subject,count
qubit,7
parametric,7
neurotransmitter,6
horizon,6
two-dimensional,4
convolutional neural network,3
black hole,3
quark,3
vertices,3
hadron,3
gravity,3
holomorphic,3
rhic,2
recurrent neural network,2
2d,2
quantum dot,2
p,2
topology,2
bert,2
neurons,2
seminal article,2
supersymmetry,2
minimax,2
symmetric,2
entangled,2
quantum gravity,2
cold dark matter,2
5g,2
spacetime,2
permutation,2
schwarzschild black hole,2
robustness,2
exponential,2
spanning,2
atlas,2
hamiltonian,2
magnetic field,2
sensor,2
cosmological,2
automorphism group,2
nuclei,2
networks,2
coulomb plus power potential,1
replicate,1
wigner's little groups,1
bhabha scattering amplitude,1
fermilab accelerator division,1
cheeger inequality tamadraand algorithm,1
non regression testing,1
langevin dynamics,1
d\'ej\`a vu,1
ar sco,1
galactic population,1
monolayer,1
lhc,1
erasure-based fault fixmemodel,1
habitable-zone,1
anthropomorphic,1
eulerian,1
temperature-redshift relation,1
lisa,1
monic,1
critical temperature,1
temperatures,1
free-floating planet,1
federated learning,1
grigorchuk group,1
quasi-monte carlo,1
multicasting,1
tw,1
password,1
mico,1
level-3,1
verizon,1
critical nonlinearity,1
nodes,1
susceptible-infectious,1
rubidium tamadrafountains,1
breakdown of stokes-einstein relation,1
implemented,1
perturbation theory,1
d7-branes,1
horava-lifshitz scale,1
lsco,1
semiflexible,1
facebook,1
hurricane impacts on us employment,1
hypergraph product,1
edges 21 cm absorption anomaly,1
heritable risk,1
nondegeneracy,1
monadicity,1
artificial neural network,1
nucleon,1
eclipsing binary,1
x-ray,1
inflows,1
convlstm,1
curvature of space,1
hydrodynamic,1
sinfoni,1
very large telescope,1
robust linear regression,1
quasilinear,1
subgraph backdoor attack,1
shannon entropy,1
autoregressive with psynetexogenous input,1
ssl4eo-s12,1
histopathology image,1
2-design,1
sky camera,1
quaternion,1
early-type galaxies,1
classifier,1
structurally stable homoclinic classes,1
non-semantic features,1
odd prime,1
steiner tree problem,1
radar,1
t pyx,1
two-body correlation,1
12co,1
hess j1745-290,1
exx+rpa oep potential,1
milky way,1
event camera,1
fairtoo,1
massive black hole,1
two-point correlation,1
rank-$r$,1
2mass j12184187-0609123,1
$\vartheta$,1
multilinear,1
historical trial data,1
multifaced interpretation,1
secondary shock wave,1
photoproduction,1
tri-ergon,1
far-from-cmc,1
non-commuting,1
bes-ii,1
artificial radio galaxies,1
bipartite,1
privacy,1
tensorf,1
minimally supersymmetric standard model,1
lte,1
tor,1
genetic algorithm,1
stochastic gradient descent,1
supermassive black hole,1
upper doubling,1
neutrino,1
nucleus,1
galactic outflow,1
cocyclical polygon,1
2017,1
rover,1
soft gamma repeaters,1
phys. rev. lett.,1
kahneman,1
valence,1
gravitational waves,1
hexagonal boron nitride,1
grafold,1
magnetic black hole,1
shi variety,1
polyanionic,1
muon,1
bicep2,1
dmcontrol,1
srtio3/ktao3,1
interacting,1
sunyaev-zel'dovich effect,1
relativistic invariance,1
gravitational radiation,1
consensus optimisation,1
$c=1$,1
lipschitz truncation,1
classical fixed point index theory,1
passing-bablok,1
robust control problem,1
sirius a/b,1
facets,1
t2i,1
quantum bus,1
autoencoders,1
higgs field,1
[oiii,1
bnl,1
star lattice,1
born-infeld type,1
solar cycle,1
anisotropy,1
play store,1
statistical linearization,1
symmetric fission,1
oh,1
intrinsic kriging,1
stackoverflow,1
noncollinear,1
electron-ion,1
$kk$,1
epiq,1
alas,1
gaas,1
topological complexity,1
recurrent video denoising transformer,1
diminutive,1
hi parkes all-sky psynetsurvey,1
carbon monoxide,1
hubbard band,1
llama2,1
heisenberg chain,1
simplex algorithm,1
orthorhombic,1
2004 ims medallion lecture,1
noncommutative d-brane,1
riemannian manifold,1
mcfm,1
metals,1
turbulent,1
wiretap,1
essential spectrum,1
plutonium,1
training-free,1
phillips curve,1
aluminum,1
drying,1
test-field limit,1
closed topological manifold,1
dirac hamiltonian,1
ch ind,1
sensing,1
uv,1
mos$_2$,1
rips fragment separator,1
sr,1
tunnel,1
stirling sequence,1
gaussianity,1
route choice problem,1
topological argument,1
topological number,1
holomorphic solution,1
noetherian,1
metaverse,1
ob-future,1
minimizes,1
discord,1
integrated sensing and communication,1
waymo,1
classical circuit,1
simple lie algebra,1
2bga,1
cohomology,1
efficientnet-b6,1
quotient category,1
graph neural networks,1
linear combination,1
universal algebra,1
8-bit integer,1
3d gaussian splatting,1
deep neural network,1
machine-learning,1
initial neutron,1
horizon radius,1
pulsar wind,1
gibbs point process,1
minimal stationary process,1
spark,1
agn,1
wisdom,1
k-modes,1
rabinowitz-floer homology,1
inconceivable,1
synchrotron,1
lorentz coordinate transformations,1
pp-wave gravitational background,1
hamiltonians,1
supersedes,1
cu-o,1
strongly almost sure convergence,1
spherical mirror,1
quantum-spin-hall,1
standoff distance,1
contractible,1
de haas-van alphen,1
physics-informed graph neural networks,1
widest-angle-tail,1
closed 3-manifold,1
scalar curvature,1
three-point function,1
two-state-two-mode,1
communities,1
xor gate,1
k-clique,1
goldman-rota recurrence,1
bayesian,1
autoencoder,1
resonance linewidth,1
symmetric tensors,1
explicit continued fraction expansion,1
orbifold,1
sqrt-ista,1
fairen-velarde coupled,1
interstellar medium,1
bk-algorithm,1
smd,1
resource allocation,1
dissipative hydrodynamics,1
waveguide,1
dislocations,1
theia,1
quantum experiment,1
maximally entangled state,1
minimally-distributed,1
source location privacy,1
progressive clothing warping,1
supervised-learning,1
exponential growth,1
hindi,1
ir pump,1
toffoli gate,1
shhg,1
honeycomb,1
gat,1
knowledge,1
ising model,1
two-loop,1
congruent tori,1
h_2,1
symplectic,1
garbling order,1
laalo3/srtio3,1
knot group,1
iv rencontres de blois,1
cough,1
aval,1
robotic arm,1
multinomial log-likelihood,1
lawyers,1
legal domain,1
hot tamadrajupiters,1
pusey's noncontextuality inequality,1
central station,1
correlated environment,1
abelian coverings,1
greenbergian word order,1
phylogenetic tree,1
wse2,1
3d,1
communication-constrained bayesian active knowledge distillation,1
warm dark matter,1
event horizon,1
quantum hamiltonian reduction,1
photons,1
sensor fusion,1
dissipaton,1
quintuple,1
intrinsic capacitance,1
hardy,1
source code documentation,1
self-organized critical system,1
monocular depth estimation,1
electroweak,1
llama,1
dagger module,1
freezing transition,1
scintillator,1
curvature measure,1
rigging,1
interfaces,1
quantum-paraelectric,1
conformal loop ensemble,1
50 years of quantum chromdynamics,1
papas,1
novatron,1
paramagnetic,1
speech-to-speech,1
streaming instability,1
wearable,1
multiple scattering,1
sn 2004gq,1
medcco,1
hyperrectangular lattice,1
feedback-guided dynamic interactive planning,1
mean,1
singular symplectic space,1
exponential order,1
second,1
advanced ligo,1
hexagonal lattice,1
numerical error,1
ellsberg paradoxes,1
simulation,1
two-nucleon knockout,1
terrell effect,1
vertex,1
training,1
ultradiscrete,1
adversarial examples,1
expectation maximization,1
1029 nm,1
abelian variety,1
evolving dark energy,1
momentum transfer squared,1
umbilic,1
brownian motion,1
chaotic scattering,1
glue,1
bicyclic semigroup,1
lorentz transmission electron microscopy,1
omega cen,1
lanconelli,1
salm,1
perovskite thickness modification,1
mesoscopic entanglement,1
dynalang,1
integral,1
neuroimaging,1
yakutia,1
russian republic,1
cobe,1
unit root issues,1
synthia,1
jacobian torsor obstruction,1
core-collapse,1
multiple vector space modeling,1
piecewise-planar,1
mobile phone,1
solar activity cycle,1
deep psynetneural network,1
rossi x-ray timing explorer,1
gallows,1
nanoplasmas,1
neural diving,1
nonlinear,1
maximum entropy,1
immersion,1
slavnov-taylor identities,1
run 3,1
clas,1
heat equation,1
mox,1
ute$_2$,1
yukawa texture,1
gaia,1
gluon jet,1
aprhl,1
tree,1
many-body physics,1
monotone,1
surface detector,1
fluorescence detector,1
computational time,1
computational costs,1
single-photon camera,1
flow-guided efficient diffusion,1
simplicial arrangement,1
manganite,1
evomem,1
nitrogen-vacancy,1
word embedding,1
janh-teller,1
hartree energy,1
polydisk,1
quantum correlations,1
ensembles,1
followers,1
goursat problem,1
hi parkes all-sky survey,1
nearest-neighbor graph,1
spinal-ai2024,1
satisficing,1
indus 2,1
minimally marginal relevance,1
data science,1
gw170817,1
hpsoc,1
ai4food-nutritiondb,1
rejuvenation phase,1
threshold voltage,1
ecology,1
ngc 4065,1
isotropic,1
heavy quark limit,1
dark-matter power spectrum,1
fso-bs,1
homotopy,1
scanning,1
withdrawn,1
finite fields,1
capacitors,1
two-loop topologies,1
trust,1
superintuitionistic,1
wasp-19b,1
recurrent neural networks,1
illustristng,1
commutative field theory,1
exponential convergence,1
lhc 2003 symposium,1
supersymmetric,1
gravitational wave,1
yangbajing cosmic ray observatory,1
compair,1
slow feature analysis,1
grand unification,1
high-bandwidth memory,1
minimum-weight perfect matching,1
variational inference,1
nucleotide,1
knowledge graph question answering,1
exceptional curve,1
federated generative adversarial learning,1
bart,1
hydrodynamics,1
pioneer,1
quantized,1
expectation-maximization algorithm,1
population iii,1
neutrinoless,1
tng50,1
normal subgroup,1
new electronic assistant,1
datasets,1
spire,1
inertia-constrained pixel-by-pixel nmf,1
ifs,1
elliptic type,1
string theory,1
tensionless superstring,1
two-party system,1
microscopic,1
underwater crawling,1
unipotent radical,1
kashiwazaki-kariwa nuclear power station,1
perfect square,1
disengagement,1
φ,1
rank-1-pca,1
domain adaptation,1
moth-eye,1
actor-critic,1
api signature computation,1
sparse,1
positive-unlabeled learning,1
eye-tracked,1
local-intrinsic neural kernel,1
quark-flavour basis,1
corpora,1
fewsum,1
neutral atom tweezer,1
ground psynetstate wave function,1
nuclear-powered x-ray millisecond pulsar,1
maximal green sequence,1
compton sphere,1
nematic order,1
sliding-mode,1
metropolis-hastings,1
big planet,1
data-dependent,1
dirichlet problem,1
transmitter,1
eruption,1
turbines,1
autocorrelation effects,1
open charm,1
monodromies,1
w75n,1
dirichlet boundary condition,1
josephson effect,1
minimization,1
runge-kutta method,1
dark matter,1
zakai equation,1
hepp,1
capacitated vrp,1
exotic,1
quasi-free state,1
researchers,1
research,1
paracrawl,1
mesoscopic,1
2dfgrs galaxy population,1
gravitational energy-momentum,1
memristor,1
graphlet,1
detect-and-measure,1
identically distributed,1
treefinement,1
sparse parity-check code,1
$k$-anonymity,1
compact metric space,1
reliableswap,1
gravitational,1
leo,1
nd,1
hole-doped cuprate,1
relativistic pair plasma,1
cavity quantum electrodynamics,1
cloudcv,1
downscaling operator,1
temporal masking,1
nonlinear chain,1
clusttraj,1
zeeman field,1
weight space learning,1
crowdsourcing,1
gravitino,1
tissues,1
gowdy vacuum time,1
minimally possible size,1
unsupervised,1
stable diffusion,1
gelfand triple,1
favor,1
lep,1
kdv,1
diophantine approximation,1
cpus,1
supervised learning,1
integer programming,1
bps limit,1
stabilized,1
ar 12673,1
strict quasi-circular robinson space,1
countable,1
unet architecture,1
gabor system,1
charm,1
bottom,1
martian atmosphere,1
2008 march 25 cme event,1
hydrogen,1
maximal extension,1
word embeddings,1
cognitive radio network,1
yolo-marl,1
mkldroid,1
ml-agent,1
open government data,1
sign-changing potential,1
entanglement,1
inverse depth,1
coherent ring,1
monoclinic,1
cook county,1
illinois,1
inflaton field,1
intermittent,1
data compression,1
field of characteristic,1
phenomenological,1
gro j1008-57,1
pregroup,1
galois group,1
encoder,1
decoder,1
multiplicity distribution,1
pion,1
dialectic,1
stance detection,1
lumos,1
quantum-to-classical transition,1
cygnus cocoon,1
quasinormal modes,1
boltzmann-uehling-uhlenbeck transport model,1
domain,1
summation,1
independence test,1
gw cosmology,1
recursive feature elimination,1
coupling term,1
quasi-free spin chains,1
stochastic amplitude flow,1
solar wind,1
topological arc,1
locally uniform volume growth condition,1
micz-kepler problem,1
dissipative wave equation,1
fraudulent fashions,1
metastable remnant,1
software architecture,1
and,1
proof of efficient liquidity,1
graph structure,1
nix,1
c3s3,1
pyramid-like normalizing flows,1
cauchy,1
submanifold,1
multiple-input-single-output broadcast channel,1
sensors,1
reversible,1
metastable particle,1
sst2g,1
mnist,1
cifar10,1
msc17,1
artinian algebra,1
regular,1
two-body exchange current,1
phenix experiment,1
outskirts,1
stochastic,1
robotic tool,1
canfield joint,1
lidar,1
linear,1
quantum potential,1
ngc 4151,1
parabolic surface,1
schrodinger equation,1
limit-cycle oscillation,1
3-manifolds,1
coulomb branch,1
bragg length,1
bosonic,1
solar cycle 23,1
solar cycle 24,1
alzheimer s disease,1
multiplicative complexity,1
human-robot,1
galactic cosmic ray,1
parafermionic zero modes,1
graph dna,1
2d-magnetism,1
ultra-short period detached,1
metrology assisted assembly,1
spherical riemann space,1
hashing algorithm,1
nonlinear system,1
heyneman-radford theorem,1
cantor set,1
sio2,1
fuse,1
brownian path,1
montesinos knot,1
gpus,1
singularity of random matrices,1
nuclear liability,1
cosmological constant,1
sha-3,1
fabry-perot,1
shimura varieties,1
pseudo-nambu,1
non-gaussian,1
10^{10},1
relativistic corrections,1
intelligent,1
two psynetdimensional electron gas,1
vvc,1
deepspeech2,1
cosmic ray,1
whitney dyadic cube,1
covid-19,1
cosmological constant problem,1
neutron,1
berezintransform,1
co2feal,1
bhxb,1
dani correspondence,1
fair recommendation framework,1
numerical analysis,1
numerical approximations,1
wikipedia,1
2015,1
ehl contacts,1
delta-comb,1
la psynetsilla,1
tunguska event,1
mesoscopic normal persistent current,1
taylor's expansion,1
global differential privacy,1
embeddedml,1
weinstein's constraint equations,1
nucleation,1
exponential lie splitting,1
exponential strang splitting,1
augmentest,1
galaxies,1
astrophysical,1
saturation,1
her2,1
software developer,1
software system,1
transition state,1
two-body nuclear interaction,1
e6,1
inflaton potential,1
crowd counting,1
path integral,1
superconductors,1
curvature,1
reduced to the phase space,1
αν,1
earthquakes,1
fault,1
topological insulator,1
inhibitory,1
firstpass,1
observable,1
atmospheric imagingassembly,1
solar dynamics observatory,1
graphene,1
contrastive gnn explanation,1
adapterfusion,1
pick space,1
bose gas,1
de rham cohomology,1
nondegenerate,1
bipartite entanglement,1
exactly solvable,1
mining,1
resistive,1
scalar mass renormalization group equations,1
fermi-dirac distribution,1
duality transformation,1
borocarbide,1
eilenberg-zilber,1
mucus,1
hamilton-jacobi equation,1
10c,1
afm/hm,1
kelvin wave,1
horizonless,1
quantum computer,1
evidence propagation,1
pde,1
atrophy,1
multicast communication,1
completion semantics,1
monte carlo method,1
rtxgi,1
myelinated,1
two-layer flows,1
cosmological mysteries,1
dark energy,1
qso,1
artin conjecture,1
light,1
super log-concave measure,1
reeb vector field,1
schwarzschild-anti-de sitter wormhole,1
unitarizable,1
rooftop photovoltaic,1
bosonic dm,1
filamentation instability,1
lasot,1
atomic clocks,1
neuron,1
holomorphicvertex,1
shoulder,1
forearm,1
nematic system,1
max-pooling,1
anisotropic tetrahedron,1
small amplitude approximation,1
recticast,1
opioid,1
advection-diffusion equation,1
uniform convergence,1
smooth fano threefold,1
resonant magnetic perturbation,1
correlations,1
generalized gorenstein local ring,1
autonomously organizes itself,1
boson,1
starburst spiral,1
unit disc,1
wfc3,1
acs,1
completely bounded map,1
muse,1
mean estimation,1
principal component analysis,1
gesplayer,1
eventkg,1
abolishing,1
quantum speed limit time,1
preliminary triage,1
halos,1
"gr{\""o}bner basis",1
non-zero block selector,1
$,1
"ros\,2",1
4-form fluxes,1
heavy-tailed,1
mellin transform,1
induced minor,1
coulomb-like,1
anemometer,1
singular variety,1
gravity dual,1
blockchain,1
magiclaw,1
lhcb,1
vertex locator,1
push-diging,1
google sycamore,1
topological robustness,1
doubly fed induction generator,1
location data,1
eye tracking,1
cyber resilience,1
retinal,1
injected,1
viral homoclinicclasses,1
grb 020813,1
perovskite,1
large hadron collider,1
houdini,1
vela x-1,1
gradient regularization,1
af transition,1
disconnected,1
mai-se-net,1
entropy functional,1
fdlp,1
preferential,1
loop-cumulative,1
cumulative,1
einstein's,1
general relativity,1
multi-view stereo,1
latent heat thermal energy storage,1
nullspace,1
nuclear structure,1
young integral,1
pun,1
auger electron spectroscopy,1
semiartinian,1
hereditary,1
laplace's equations,1
infrared finite coupling constant,1
algorithm-by-algorithm,1
private key,1
holonomy-flux algebra,1
kaplan turbine,1
deep learning,1
endohedral fullerene,1
spherical potentials,1
young diagram,1
sps,1
blackbody pressure,1
pic,1
gersch-rodriguez theory,1
families,1
galactic center,1
single-ris counterpart,1
computer vision,1
torsion-free,1
mittag leffler function,1
mso,1
quark-meson coupling model,1
quantum batteries,1
soft prompt compression,1
mutually orthogonal cycle decompositions,1
transmission,1
open set,1
weakly symmetric,1
ferromagnetic barrier,1
ecef,1
closed loop,1
flan-ul2,1
quantum elliptic algebra,1
hubbard model,1
