object,count
algorithm,19
spacetime,9
machine learning,8
graph,8
galaxies,7
networks,7
neurotransmitter,6
quark,5
manifold,5
string theory,5
quantum mechanics,5
dark matter,4
sensing,4
black hole,4
topology,4
deep learning,4
reinforcement learning,3
supersymmetric,3
cu,3
general relativity,3
quantum computing,3
nucleus,3
black holes,3
thermodynamic,3
datasets,3
large language model,3
supersymmetry,3
qubit,3
curvature,3
relativistic,3
cosmological,3
dark energy,3
statistics,3
horizon,3
logic of nonmonotonic reasoning,3
lorentz group,2
collider,2
quantum information,2
communication,2
internet service provider,2
tree,2
quantum information theory,2
deep neural network,2
interactions,2
hamiltonian system,2
neural network,2
privacy,2
atlas,2
three-dimensional,2
3d,2
white dwarf,2
oxygen,2
nonlinear,2
meson,2
heterostructures,2
decoder,2
entanglement,2
nucleon,2
cern,2
quantum electrodynamics,2
universe,2
growth,2
spectrum,2
phase space,2
electron,2
quantum computer,2
combinatorial,2
robot,2
mimo,2
cosmologies,2
sensor,2
dynamical system,2
thermodynamics,2
numerical analysis,2
artificial neural networks,2
stochastic,2
large hadron collider,2
quantum,2
pierre auger observatory,2
differential equation,2
dataset,2
qcd,2
field theories,2
cosmology,2
knowledge graph,2
simulations,2
robustness,2
decay,2
finite group,2
speech recognition,2
banach space,2
receiver,2
learning,2
finite graph,2
approximation,2
superconductors,2
gpus,2
solar cycle 24,2
astrophysics,2
neutron star,2
hamiltonian,2
software developer,2
graph neural networks,2
nuclei,2
hubble space telescope,2
wind turbine,2
potential index,1
online training services,1
amplitudes,1
linux,1
bug,1
reciprocal processes,1
video-language model,1
pulsar,1
two-dimensional,1
faulty successive cancellation decoding,1
exoplanet,1
anthropomorphic,1
mathematical physics,1
cosmological model,1
nasa,1
polynomial,1
temperature,1
phase diagram,1
planetary system,1
distributed machine learning,1
cohomology theory,1
numerical,1
deep-learning,1
laser,1
user authentication,1
mass-critical exponent,1
epidemics,1
atomic beam clocks,1
glass transition,1
impedance tuners,1
horava-lifshitz,1
polymer,1
hurricanes,1
homological product code,1
sources of risk,1
monadicity,1
nondegeneracy,1
spin,1
solar-type,1
gamma radiation,1
solar flows,1
very large telescope,1
sinfoni,1
regression,1
elliptic equation,1
backdoor attack,1
autoregressive,1
earth observation,1
histopathology,1
projective,1
earth's atmosphere,1
convolutional layers,1
spiral,1
homoclinic class,1
semantic representation,1
integer,1
np-hard,1
nova,1
three-body correlation,1
13co,1
gamma-ray,1
generalized gradientapproximation,1
sensors,1
card game,1
generators,1
matroid,1
main-sequence star,1
elliptic function,1
integral program,1
randomized controlled trials,1
shock wave,1
proton,1
video-to-audio,1
riemannian manifold,1
formalism,1
bes-ii,1
rhic,1
galaxy,1
vertices,1
tensor decomposition,1
5g,1
anonymous communication system,1
optimization,1
stochasticoptimization,1
metric measure space,1
outflow,1
2019,1
mars exploration,1
gamma-ray bursts,1
95,1
prospect theory,1
carriers,1
inspiral,1
boron,1
graphene,1
affine variety,1
cathode material,1
massive particle,1
planck,1
continuous control,1
srtio3,1
galaxy momentum field,1
high energy physics,1
gravitational background,1
norm inequalities,1
fixed point,1
non-parametric,1
control theoretical,1
valid inequalities,1
generative adversarial network,1
quantum-mechanical,1
data science,1
abelian higgs model,1
dirac material,1
nuclear emission,1
muon,1
lattice,1
einstein,1
solar interior,1
dielectrics,1
android,1
robust control,1
induced fission,1
o,1
gaussian process,1
website,1
electromagnetic transverse wave,1
software,1
topological complexity,1
pre-trained,1
diminutive,1
survey,1
ionic hubbard model,1
circuits,1
binary search tree,1
phase coexistence,1
2004,1
d-brane,1
locally symmetric space,1
mc generator,1
magnetic materials,1
turbulent-like motion,1
"schr\""odinger operator",1
element,1
inference-only,1
inflation,1
metal,1
combustible biomass,1
minimally coupled,1
topological manifold,1
antiquark,1
non-equilibrium,1
pulsate,1
ultraviolet,1
semiconductor,1
riken,1
strontium,1
point contact regime,1
le bellac,1
l\'{e}vy-leblond,1
integer sequence,1
statistical inference,1
transportation science,1
topological number,1
topological argument,1
algebraicequation,1
closed subset,1
augmented reality,1
synthetic benchmark,1
asymptotic upper bound,1
autonomous vehicle,1
classical circuit,1
lie algebra,1
abelian two-block group algebra,1
binary classification,1
game-playing program,1
homotopy category,1
graph construction,1
linear function,1
category theory,1
single-precision floating-point,1
3d space,1
statistical,1
stellar wind,1
stochastic dynamics,1
finite prediction theory,1
big data processing,1
clustering algorithm,1
floer,1
inconceivable,1
compton(ssc,1
gravitational wave,1
supersedes,1
convergence rate,1
optical field,1
magnetic field strength,1
weak equivalence,1
lifshitz transition,1
graph-structured data,1
bent-tail radio galaxies,1
3-manifold,1
propagator,1
steady state,1
boolean logic gates,1
clusters,1
finite vector space,1
schools of reasoning,1
anomalydetection,1
magnetic excitation,1
homogeneous polynomials,1
continued fraction expansion,1
moduli space,1
iterative soft-thresholding algorithm,1
nonlinear differential equations,1
metric dimension,1
energy management,1
quantum information science,1
matrices,1
defects,1
earth,1
entangled,1
quantum experiment,1
quantum state,1
minimally-distributed,1
privacy protection,1
image-based virtual try-on,1
india,1
thz,1
quantum circuit simulation,1
crystal structure,1
graph convolutional network,1
reasoning,1
effective field theories,1
wavefunction,1
zamolodchikov's,1
constellation,1
he,1
optimal decision making,1
heterstructures,1
fundamental group,1
1992,1
expiratory event,1
objective function,1
legal domain,1
lawyers,1
exoplanetary,1
pra,1
quantum system,1
veech group,1
syntactic universal,1
tree-space,1
monolayers,1
protocol,1
quantum calogero equations,1
dissipative,1
quintuple,1
capacitance,1
bergman space,1
artifact,1
computer vision,1
gauge boson,1
auxiliary network,1
photodetector,1
animation,1
feedback,1
quantum phase transition point,1
loop-soup cluster,1
epjc,1
python 3,1
magnetic mirror fusion reactor,1
quasiferromagnetic,1
speech generation,1
gravitational instability,1
smart devices,1
string,1
diffuse radiation,1
supernova,1
lattice path,1
6g,1
llms,1
probability distribution,1
exponential,1
advanced ligo,1
second,1
crystalline lattice,1
universal force,1
ellsberg,1
hidden markov model,1
simulation,1
two-body current,1
astrophysicist,1
inference,1
discrete,1
1029,1
algebraic variety,1
angular momentum,1
connected surface,1
knowledge transfer,1
combinatorial inverse semigroup,1
transmission electron microscope,1
globular cluster,1
boccardo,1
perovskite,1
entangled state,1
generative model,1
esa,1
biomedical data,1
russian republic,1
yakutia,1
infrared,1
unit root test,1
mapillary vistas,1
hassett--tschinkel,1
supernova explosion,1
symplectic variety,1
hyper-surface,1
mobile technology,1
solar wind,1
signal processing,1
x-ray,1
punishment,1
kinematics,1
plasmas,1
immersions,1
nielsen identities,1
large-angleelectromagnetic shower calorimeter,1
thermal energy,1
monolayered,1
spin-triplet,1
uv,1
open cluster,1
programming language,1
2+1 dimensional,1
optimal policy,1
computational costs,1
computational time,1
3d imaging,1
video inpainting,1
hyperplane arrangement,1
transition metal oxide,1
multi-agent framework,1
defects in diamonds,1
nlp,1
potential,1
ball,1
quantum information processing,1
correlations,1
collaborative learning,1
social media,1
cauchy problem,1
galactic standard-of-rest frame,1
connected component,1
ethics,1
indore,1
greedy paradigm,1
data analytics,1
psr,1
tsmc,1
database,1
evolution,1
current,1
social science,1
group of galaxies,1
free-space optic,1
wave theory,1
g-algebras,1
mri,1
published,1
number-theoretical field,1
inductors,1
minimal dirac neutrino mass,1
hidden state,1
fuzzy logic,1
hot jupiter,1
representations,1
cosmological hydrodynamical simulations,1
tracking error,1
2003,1
mapping,1
kappa-symmetric,1
tibet,1
compton and pair-production telescope,1
high-performance computing,1
probabilistic inference,1
pezzo surface,1
artificial intelligence,1
generative framework,1
autoencoder,1
binary black hole,1
slitless spectroscopic survey,1
computational creative assistants,1
human-readable words,1
photometric,1
blind source separation,1
coronagraphic,1
cartan matrices,1
tensionless superstring,1
plurality elections,1
macroscopic,1
underwater,1
algebraic group,1
neutrino,1
elliptic curve,1
disengagement,1
momentum distribution,1
φ,1
bregler et al,1
nanostructure,1
api,1
sparsely,1
learning a binary classifier,1
vr,1
phenomenological,1
synthetic text,1
summarization,1
vacuum wave function,1
millisecondpulsar,1
supermassive black holes,1
electronic order,1
differentiator,1
bayesian parameter estimation,1
planetary object,1
kernel,1
hessian equation,1
v838 monocerotis,1
wind farm,1
false positives,1
photon induced reactions,1
protostars,1
symmetry,1
josephson energy,1
numerical methods,1
ginibre-velo,1
vehicle routing problem,1
susy,1
elementary excitations,1
quasi-field,1
hawking radiation,1
research,1
researchers,1
2df galaxy redshift survey,1
recurrent neural network,1
gaussian variational wavefunction,1
vulnerabilities,1
gaussian random variables,1
probabilistic group testing,1
anonymized,1
metric space,1
face swapping,1
low earth orbit,1
gd,1
plasma physics,1
optical cavity,1
error analysis,1
slam,1
systems,1
python,1
noncentrosymmetric,1
supergravity,1
quantum field theory,1
cell,1
state space,1
minimally larger,1
distributive learning,1
homogeneous lie group,1
three dimensional,1
transformer architecture,1
cleo ii,1
hyperelliptic curve,1
primality restrictions,1
electromagnetic radiation,1
dirichlet energy,1
restricted,1
strict circular seriation,1
russell,1
optical coherence tomography,1
tight frame of redundancy,1
martian soil,1
cme,1
he4,1
supersymmetric extension,1
word representation,1
deep multi-agent reinforcement learning,1
multiple kernel learning,1
complex,1
autonomous machine learning,1
open data license,1
nonlinear wave equation,1
parallax angle,1
ring,1
phase,1
illinois,1
cook county,1
information theory,1
algebraically closed,1
theoretical,1
finitely generated group,1
galois theory,1
encoder,1
free group,1
stance detection,1
frameworks,1
cotangent bundle,1
star cluster,1
klein-gordon (kg,1
isospin diffusion,1
system,1
integral representation,1
test,1
electromagnetic (em,1
solar atmosphere,1
topological phase,1
locally isometric,1
symmetric algebra,1
visualization research,1
asymptotic distribution,1
boolean circuit,1
blockchain,1
open source software distribution,1
neural language model,1
semi-supervised segmentation,1
normalizing flow,1
covariance model,1
frequency domain,1
computations,1
weakly interacting massive particles,1
artinian level algebra,1
regular,1
two-body exchange current,1
bose-einstein correlation,1
ising model,1
surgical robotics,1
robotic linkage,1
3d object detection,1
dynamics,1
seyfert galaxy,1
hyperbolic space,1
quantum well,1
oscillatory flow,1
optical wavefront,1
linearly independent set,1
solar cycle 23,1
dementia,1
multivariate polynomial,1
milky way,1
excitations,1
graph encoding algorithm,1
magnetic,1
metrology,1
riemannian space,1
linear time-invariant,1
monoidal categories,1
tio2,1
far ultraviolet spectroscopic explorer,1
stochastic calculus,1
torus knot,1
convolutional code,1
random variable,1
p,1
nuclear accident,1
field theory,1
einstein general theory of relativity,1
hash function,1
laser diode,1
spinor similitude group,1
quintessence field,1
gaussian,1
prime,1
artificialintelligence,1
composite fermions,1
video codec,1
neutron stars,1
cardiovascular disease,1
berezin,1
fe,1
homogeneous dynamics,1
recommendations,1
numerical approximations,1
knowledge base,1
2015,1
pao,1
diffraction,1
european southern observatory,1
tunguska space body,1
superconductor,1
computational physics,1
machine learning library,1
decompositions,1
exponential strang splitting,1
exponential lie splitting,1
automated test generation,1
astrophysical,1
edge ideal,1
breast cancer,1
software system,1
quantum spectrum,1
few-body interaction,1
lie group,1
inflationary potentials,1
automated crowd counting,1
electronic phases,1
volume effect,1
αν,1
fault,1
earthquakes,1
topological properties,1
excitatory,1
visual analysis,1
solar dynamics observatory,1
atmospheric imagingassembly,1
6h-sic,1
hilbert space,1
cohomological automorphic representations,1
quadraticform,1
ladder system,1
electronics,1
pauli principle,1
renormalisation,1
simplex category,1
waterways,1
hamilton-jacobi equation,1
superallowed,1
hetero-structure,1
optical wave,1
bayesian network theory,1
differential order,1
atrophy,1
communication interconnect,1
negation,1
numerical calculations,1
nvidia,1
neuron,1
stratified,1
cosmological mysteries,1
galaxy surveys,1
artin conjecture,1
log-concave measure,1
wormhole,1
inner product,1
distributed energy,1
deep tracker,1
atomic transition,1
neuronally,1
vertex operator algebra,1
forearm,1
shoulder,1
electroconvection,1
convolutional neural network,1
perm group,1
tetrahedron,1
nonlinear acoustics,1
precipitation nowcasting,1
analgesic,1
partial differential equations,1
asymptotic formulae,1
toric fanothreefold,1
tokamak,1
gorenstein ring,1
system control,1
fermion,1
spiral galaxies,1
complex plane,1
radial multiplier,1
emotion synthesis,1
non-parametric methods,1
estimator,1
conditional,1
video player,1
abolishing,1
quantum system of interest,1
medical (self-,1
network theory,1
stellar disk,1
change of ordering algorithm,1
block-selection problem,1
$\sigma$,1
"ros\,2",1
4d effective theory,1
projective space,1
business process,1
ios,1
vertex locator,1
lhcb,1
quantum processor,1
topological,1
location based services,1
robotic system,1
resilience,1
fundus,1
denoising diffusion probabilistic model,1
viral classes,1
gamma-ray burst,1
solar cell,1
deontic defeasible logic,1
gradient computation,1
chemical disorder,1
domain,1
synthetic aperture radar,1
convexity,1
einstein's,1
surface reconstruction,1
storing thermal energy,1
nuclear structure,1
integral,1
joke,1
scanning tunneling microscopy,1
neurons,1
unit-regular,1
hereditary,1
functional analysis,1
heuristic,1
cryptographic key,1
turbine,1
artificial neural network,1
nanolaboratories,1
atom-atom potentials,1
permutation,1
monte carlo integration,1
dynamic structure function,1
agn,1
image processing,1
seminormal monoid,1
thom s-algebras,1
quark model,1
batteries,1
natural language processing,1
cyclic cycle predecompositions,1
set,1
self-injective algebra,1
topological insulator,1
earth-centered earth-fixed,1
tensor network,1
reader model,1
quasi-hopf algebra,1
dynamical cluster approximation,1
